"Subject","PP_Dev","Activity"
"01",0.10156,"NO"
"02",0.04111,"C"
"03",0.1374,"C"
"04",-0.00355,"NO"
"05",0.08341,"M"
"06",0.12115,"M"
"07",0.15203,"NO"
"09",0.1861,"M"
"12",0.11643,"C"
"13",0.17329,"C"
"15",0.15044,"NO"
"16",-0.08361,"NO"
"17",-0.01537,"C"
"18",-0.02667,"C"
"22",0.01078,"C"
"24",0.18998,"M"
"29",0.23443,"M"
"30",0.18447,"M"
"31",0.08472,"M"
"32",0.01306,"NO"
"41",0.00098,"NO"
