"","Subject","Cls_High","Cls_Low","Accuracy","Precision","Recall","Spec","NPV","F1","AUC"
"1","Subject #01",283,799,0.879852125693161,0.787985865724382,0.761092150170648,0.923954372623574,0.912390488110138,0.774305555555556,0.9190397
"2","Subject #04",144,241,0.825974025974026,0.819444444444444,0.742138364779874,0.884955752212389,0.829875518672199,0.778877887788779,0.9157913
"3","Subject #05",362,327,0.901306240928882,0.914364640883978,0.89945652173913,0.903426791277259,0.886850152905199,0.906849315068493,0.9598488
"4","Subject #06",911,544,0.898281786941581,0.936333699231614,0.904559915164369,0.88671875,0.834558823529412,0.92017259978425,0.9616325
"5","Subject #07",879,648,0.91683038637852,0.943117178612059,0.915011037527594,0.919484702093398,0.881172839506173,0.928851540616246,0.9724892
"6","Subject #08",473,325,0.843358395989975,0.890063424947146,0.852226720647773,0.828947368421053,0.775384615384615,0.870734229576008,0.910064
"7","Subject #10",424,228,0.846625766871166,0.905660377358491,0.864864864864865,0.807692307692308,0.736842105263158,0.884792626728111,0.9140845
"8","Subject #11",1145,397,0.921530479896239,0.967685589519651,0.929530201342282,0.894285714285714,0.788413098236776,0.948224219084296,0.9704015
"9","",0,0,0,0,0,0,0,0,0
