"","Subject","Cls_High","Cls_Low","Accuracy","Precision","Recall","Spec","NPV","F1","AUC"
"1","Subject #01",286,787,0.906803355079217,0.863636363636364,0.801948051948052,0.949019607843137,0.922490470139771,0.831649831649832,0.9629668
"2","Subject #04",132,244,0.875,0.909090909090909,0.774193548387097,0.945701357466063,0.85655737704918,0.836236933797909,0.9559696
"3","Subject #05",360,327,0.935953420669578,0.930555555555556,0.946327683615819,0.924924924924925,0.941896024464832,0.938375350140056,0.9851441
"4","Subject #06",911,544,0.938144329896907,0.95609220636663,0.9457111834962,0.925093632958802,0.908088235294118,0.950873362445415,0.9843084
"5","Subject #07",874,648,0.940867279894875,0.943935926773455,0.952655889145496,0.92530487804878,0.936728395061728,0.948275862068966,0.9869391
"6","Subject #08",436,359,0.876729559748428,0.88302752293578,0.891203703703704,0.859504132231405,0.86908077994429,0.887096774193548,0.9444299
"7","Subject #10",421,229,0.898461538461538,0.950118764845606,0.898876404494382,0.897560975609756,0.803493449781659,0.92378752886836,0.9583378
"8","Subject #11",1136,397,0.954990215264188,0.983274647887324,0.957155098543273,0.948087431693989,0.874055415617129,0.970039079461572,0.9868473
"9","",0,0,0,0,0,0,0,0,0
