"","Subject","Cls_High","Cls_Low","Accuracy","Precision","Recall","Spec","NPV","F1","AUC"
"1","Subject #01",165,448,0.815660685154976,0.678787878787879,0.651162790697674,0.879818594104308,0.866071428571429,0.664688427299703,0.834656
"2","Subject #04",84,135,0.684931506849315,0.666666666666667,0.577319587628866,0.770491803278688,0.696296296296296,0.61878453038674,0.7809097
"3","Subject #05",121,109,0.68695652173913,0.710743801652893,0.699186991869919,0.672897196261682,0.660550458715596,0.704918032786885,0.817859
"4","Subject #06",301,184,0.738144329896907,0.837209302325581,0.763636363636364,0.683870967741935,0.576086956521739,0.798732171156894,0.8260473
"5","Subject #07",299,210,0.760314341846758,0.822742474916388,0.780952380952381,0.72680412371134,0.671428571428571,0.801302931596091,0.8549639
"6","Subject #08",249,204,0.76158940397351,0.819277108433735,0.764044943820225,0.758064516129032,0.691176470588235,0.790697674418605,0.8386825
"7","Subject #10",327,173,0.842,0.892966360856269,0.869047619047619,0.786585365853659,0.745664739884393,0.880844645550528,0.8995193
"8","Subject #11",383,131,0.830739299610895,0.93733681462141,0.850710900473934,0.739130434782609,0.519083969465649,0.891925465838509,0.8803708
"9","",0,0,0,0,0,0,0,0,0
