"","Subject","Cls_High","Cls_Low","Accuracy","Precision","Recall","Spec","F1","NPV","AUC"
"1","Subject #01",95,273,0.78804347826087,0.578947368421053,0.591397849462366,0.854545454545454,0.585106382978723,0.860805860805861,0.7695172
"2","Subject #04",47,84,0.625954198473282,0.531914893617021,0.480769230769231,0.721518987341772,0.505050505050505,0.678571428571429,0.7081528
"3","Subject #05",72,66,0.615942028985507,0.638888888888889,0.63013698630137,0.6,0.63448275862069,0.590909090909091,0.701249
"4","Subject #06",183,108,0.718213058419244,0.85792349726776,0.737089201877934,0.666666666666667,0.792929292929293,0.481481481481481,0.7800223
"5","Subject #07",179,127,0.738562091503268,0.88268156424581,0.728110599078341,0.764044943820225,0.797979797979798,0.535433070866142,0.8255998
"6","Subject #08",166,106,0.6875,0.849397590361446,0.701492537313433,0.647887323943662,0.768392370572207,0.433962264150943,0.7848724
"7","Subject #10",196,104,0.8,0.887755102040816,0.820754716981132,0.75,0.852941176470588,0.634615384615385,0.855874
"8","Subject #11",232,77,0.815533980582524,0.982758620689655,0.811387900355872,0.857142857142857,0.888888888888889,0.311688311688312,0.8060754
"9","",0,0,0,0,0,0,0,0,0
